"month","Customer_ID","sold_product"
1,AD-10180,"Copiers,Paper,Storage"
1,AR-10540,"Binders,Chairs,Paper"
1,AS-10045,"Binders,Machines"
1,BD-11500,"Furnishings,Phones"
1,BD-11770,Art
1,BE-11410,Envelopes
1,BH-11710,"Binders,Envelopes,Paper,Phones"
1,BP-11290,Binders
1,BT-11305,"Accessories,Furnishings"
1,BV-11245,"Art,Binders,Furnishings,Phones"
1,BW-11110,Machines
1,CA-11965,"Art,Binders"
1,CG-12520,Storage
1,CJ-12010,Fasteners
1,CK-12595,Binders
1,CL-12700,Accessories
1,CM-12385,"Art,Binders"
1,CP-12085,"Art,Bookcases,Paper,Supplies"
1,CS-12250,"Binders,Paper,Phones"
1,CV-12805,Chairs
1,DA-13450,"Furnishings,Paper"
1,DB-13120,Binders
1,DL-12865,Labels
1,DL-13315,Paper
1,DP-13390,Binders
1,DS-13030,"Accessories,Binders,Bookcases,Storage"
1,EB-13870,Chairs
1,EH-13765,"Art,Fasteners"
1,EH-14125,"Art,Chairs"
1,FW-14395,Accessories
1,GA-14725,Furnishings
1,GB-14575,Paper
1,HP-14815,"Accessories,Binders"
1,HR-14770,"Accessories,Fasteners,Furnishings,Paper,Phones,Storage"
1,JF-15190,"Fasteners,Storage,Supplies"
1,JF-15490,Art
1,JH-15820,"Accessories,Art,Phones"
1,JM-15250,"Appliances,Art,Binders,Chairs,Furnishings,Storage"
1,JO-15145,"Furnishings,Tables"
1,KD-16495,"Appliances,Binders,Phones"
1,LP-17095,"Art,Phones,Supplies,Tables"
1,LS-16945,Envelopes
1,MC-17605,Tables
1,MH-18115,"Accessories,Binders,Machines,Phones"
1,ML-17410,Labels
1,MM-17920,Storage
1,NS-18505,"Chairs,Furnishings,Paper,Phones"
1,PS-19045,"Binders,Storage"
1,RB-19570,"Envelopes,Phones"
1,RD-19585,Labels
1,RM-19375,"Appliances,Envelopes,Paper"
1,RS-19420,Tables
1,RW-19690,Appliances
1,SC-20095,Paper
1,SC-20725,Furnishings
1,SO-20335,Paper
1,SZ-20035,Phones
1,TB-21250,"Accessories,Binders"
1,TG-21310,Phones
1,TH-21100,Phones
1,TM-21010,"Art,Furnishings,Paper,Phones,Storage"
1,TP-21130,Fasteners
1,TP-21565,"Accessories,Storage"
1,TS-21085,Binders
1,TS-21655,"Appliances,Art,Storage,Tables"
1,TT-21460,Art
1,VG-21790,"Art,Binders,Supplies"
2,BD-11770,Bookcases
2,BM-11140,Appliances
2,BO-11350,"Binders,Furnishings,Machines"
2,BP-11095,Fasteners
2,BT-11530,"Appliances,Chairs,Paper,Phones"
2,CB-12025,"Art,Binders"
2,CK-12325,"Binders,Chairs,Furnishings,Phones,Tables"
2,CK-12595,Paper
2,CR-12820,"Art,Bookcases,Phones"
2,CS-11845,"Chairs,Phones"
2,CV-12805,"Accessories,Labels,Phones"
2,DB-13060,"Furnishings,Paper,Phones"
2,DB-13660,"Binders,Paper"
2,DJ-13510,Labels
2,DK-13090,Accessories
2,DW-13585,"Fasteners,Paper,Phones"
2,ED-13885,"Art,Furnishings"
2,ES-14080,"Accessories,Paper"
2,FC-14335,"Appliances,Phones"
2,FH-14350,"Accessories,Art,Furnishings"
2,GH-14410,"Paper,Storage"
2,HW-14935,"Furnishings,Phones"
2,JF-15355,Appliances
2,JK-16120,"Phones,Tables"
2,JL-15835,"Appliances,Furnishings,Storage"
2,JP-15460,Paper
2,JP-16135,"Appliances,Art"
2,JS-16030,"Art,Chairs,Fasteners,Furnishings,Storage"
2,KM-16375,"Accessories,Envelopes,Furnishings,Phones,Storage,Tables"
2,LF-17185,Paper
2,LL-16840,Phones
2,MC-17575,"Binders,Storage"
2,ME-17725,Fasteners
2,MH-17455,Appliances
2,MH-18025,Binders
2,ML-17395,Furnishings
2,MM-17260,Furnishings
2,MN-17935,Paper
2,MP-18175,Bookcases
2,MV-17485,Bookcases
2,NG-18355,"Phones,Storage"
2,NH-18610,Appliances
2,RD-19810,"Furnishings,Paper"
2,SB-20170,Storage
2,SC-20380,"Binders,Paper"
2,SN-20560,Paper
2,SP-20545,"Binders,Phones"
2,SV-20785,"Art,Supplies"
2,SW-20245,"Bookcases,Chairs"
2,TP-21415,"Accessories,Appliances,Binders,Furnishings"
2,VW-21775,Binders
3,AB-10165,Furnishings
3,AC-10615,Storage
3,AC-10660,Storage
3,AG-10270,Furnishings
3,AH-10210,"Art,Binders"
3,AS-10630,Labels
3,BD-11560,Paper
3,BE-11335,Furnishings
3,BF-11170,Binders
3,BF-11215,"Accessories,Paper,Phones,Storage"
3,BM-11650,"Accessories,Paper"
3,BN-11470,Phones
3,BP-11050,"Art,Envelopes"
3,BP-11155,Binders
3,BS-11380,Storage
3,BT-11395,Tables
3,CB-12535,"Accessories,Appliances,Binders,Envelopes"
3,CD-11980,"Accessories,Appliances,Binders,Furnishings"
3,CG-12040,Labels
3,CJ-12010,"Accessories,Bookcases,Chairs"
3,CK-12760,Binders
3,CL-12565,"Binders,Chairs"
3,CM-11815,Accessories
3,CM-12115,"Furnishings,Paper,Phones"
3,CV-12295,"Appliances,Art,Binders,Copiers,Phones"
3,DB-12910,"Furnishings,Phones"
3,DB-13405,"Accessories,Art,Binders,Labels,Phones,Storage"
3,DB-13555,"Art,Bookcases,Envelopes,Paper"
3,DB-13660,Paper
3,DH-13075,"Furnishings,Machines,Paper,Storage"
3,DO-13435,Phones
3,DP-13000,Paper
3,DS-13180,Bookcases
3,DW-13540,"Art,Labels"
3,EB-13870,Phones
3,EC-14050,Paper
3,EG-13900,Binders
3,EJ-13720,"Accessories,Chairs"
3,EM-14200,"Accessories,Fasteners"
3,EN-13780,Art
3,EP-13915,"Accessories,Chairs"
3,FC-14245,"Art,Labels,Paper,Phones"
3,FH-14275,Phones
3,FM-14215,Art
3,GA-14725,Binders
3,GM-14440,"Bookcases,Phones"
3,GZ-14545,Appliances
3,HG-14845,Paper
3,HG-14965,Supplies
3,HK-14890,"Accessories,Appliances,Copiers,Paper,Storage"
3,HR-14830,"Chairs,Envelopes,Phones"
3,HW-14935,Accessories
3,JA-15970,Binders
3,JB-16000,Binders
3,JC-15775,Phones
3,JD-16060,"Binders,Fasteners,Storage"
3,JD-16150,Chairs
3,JE-15610,"Binders,Copiers"
3,JK-15325,Appliances
3,JL-15835,Art
3,KB-16315,"Binders,Copiers"
3,KB-16585,Phones
3,KD-16615,"Appliances,Binders,Storage"
3,KF-16285,Paper
3,KS-16300,"Appliances,Binders"
3,LC-16870,"Binders,Labels,Paper,Phones,Storage,Tables"
3,LP-17095,Appliances
3,LW-16990,Accessories
3,MD-17350,Tables
3,ME-17320,Storage
3,MG-17650,Phones
3,MG-17890,Accessories
3,MH-17290,"Binders,Phones,Storage,Tables"
3,MH-18115,"Art,Furnishings,Phones"
3,MJ-17740,Binders
3,ML-18040,Furnishings
3,MT-17815,Phones
3,MV-17485,Chairs
3,MY-17380,"Accessories,Phones"
3,MZ-17335,Art
3,MZ-17515,Supplies
3,ND-18370,"Accessories,Binders,Phones"
3,PK-19075,Labels
3,PO-19180,"Binders,Paper"
3,PS-18970,"Binders,Fasteners,Furnishings,Storage"
3,PV-18985,"Accessories,Furnishings"
3,PW-19030,Appliances
3,RB-19360,"Copiers,Paper,Storage"
3,RD-19720,"Accessories,Paper,Storage"
3,RE-19450,Paper
3,RM-19750,"Furnishings,Paper"
3,RS-19765,Binders
3,RW-19690,Paper
3,SA-20830,"Binders,Furnishings,Tables"
3,SC-20260,Appliances
3,SC-20380,"Appliances,Binders,Paper"
3,SC-20725,"Binders,Storage"
3,SC-20770,"Binders,Supplies"
3,SE-20110,Supplies
3,SH-19975,Storage
3,SH-20395,"Binders,Labels"
3,SJ-20125,Binders
3,SP-20860,"Art,Envelopes"
3,SP-20920,"Accessories,Binders,Furnishings,Phones,Storage"
3,SU-20665,"Art,Chairs,Copiers,Machines,Paper,Phones"
3,SW-20275,Art
3,TB-21055,Envelopes
3,TB-21400,"Art,Phones"
3,TB-21595,Furnishings
3,TM-21490,Envelopes
3,TT-21220,Phones
3,TT-21460,"Furnishings,Labels,Storage"
3,VB-21745,"Appliances,Labels"
3,VG-21805,Art
3,VM-21685,"Paper,Phones,Storage"
4,AA-10480,Paper
4,AB-10165,"Art,Paper"
4,AD-10180,Paper
4,AF-10870,"Binders,Storage"
4,AH-10075,Furnishings
4,AH-10120,Paper
4,AH-10465,Labels
4,AM-10705,Phones
4,AP-10915,Art
4,AS-10090,"Envelopes,Storage"
4,AS-10630,"Art,Labels"
4,AT-10435,Art
4,BD-11320,"Binders,Paper"
4,BD-11725,Storage
4,BE-11455,"Binders,Phones,Storage"
4,BF-11020,"Appliances,Chairs,Labels,Phones"
4,BG-11740,Furnishings
4,BM-11575,Storage
4,BP-11095,Binders
4,BS-11755,"Appliances,Furnishings"
4,BS-11800,"Art,Labels,Paper,Storage"
4,CL-12700,Binders
4,CP-12340,Storage
4,CS-12175,Binders
4,CS-12355,"Binders,Bookcases"
4,CS-12400,"Accessories,Binders,Furnishings,Tables"
4,CV-12295,Binders
4,CV-12805,"Bookcases,Furnishings,Labels,Storage"
4,DB-13360,"Accessories,Storage"
4,DJ-13510,"Envelopes,Furnishings"
4,DK-12835,"Appliances,Binders"
4,DL-13495,Envelopes
4,DM-13345,"Binders,Furnishings"
4,DP-13105,Fasteners
4,DS-13030,"Phones,Supplies"
4,DW-13585,Bookcases
4,EA-14035,Art
4,EB-13750,"Accessories,Supplies"
4,FM-14215,Tables
4,GB-14530,Furnishings
4,GG-14650,"Binders,Paper"
4,GM-14440,Furnishings
4,HM-14860,Furnishings
4,HM-14980,"Art,Furnishings"
4,HR-14770,"Art,Phones"
4,JC-15775,Paper
4,JE-15745,"Bookcases,Storage"
4,JF-15190,Furnishings
4,JF-15355,"Binders,Furnishings"
4,JF-15490,Paper
4,JL-15130,"Accessories,Appliances,Storage"
4,JL-15235,Phones
4,JM-15250,Chairs
4,JO-15550,Appliances
4,JW-15955,"Accessories,Furnishings"
4,KF-16285,"Appliances,Storage"
4,KH-16360,Furnishings
4,KL-16645,Binders
4,KN-16390,"Accessories,Paper"
4,KT-16480,Labels
4,LB-16735,Furnishings
4,LH-16750,Art
4,LL-16840,"Binders,Paper"
4,LS-16945,Accessories
4,LW-17215,"Accessories,Art"
4,MB-18085,Binders
4,MC-17605,"Art,Storage"
4,MG-17890,Fasteners
4,MG-18205,"Binders,Furnishings"
4,MH-18115,"Binders,Furnishings"
4,ML-17755,Paper
4,MO-17800,Furnishings
4,MS-17365,"Binders,Labels"
4,NC-18535,"Bookcases,Machines"
4,NC-18625,"Binders,Paper"
4,ND-18370,"Binders,Storage"
4,NH-18610,Furnishings
4,NM-18520,Labels
4,NS-18640,Paper
4,NZ-18565,Binders
4,PL-18925,Art
4,PN-18775,"Accessories,Art,Bookcases,Furnishings,Labels"
4,PO-19180,"Labels,Paper"
4,PS-18760,"Accessories,Chairs,Fasteners,Labels,Paper"
4,PS-19045,Envelopes
4,QJ-19255,"Binders,Phones"
4,RD-19930,"Accessories,Paper"
4,RF-19840,Binders
4,RL-19615,Bookcases
4,RP-19390,Binders
4,RW-19630,"Binders,Paper"
4,SA-20830,"Art,Binders,Labels,Paper"
4,SC-20050,Binders
4,SC-20305,Accessories
4,SD-20485,Paper
4,SG-20605,Accessories
4,SH-20395,Art
4,SJ-20125,"Fasteners,Furnishings,Paper"
4,SJ-20215,"Art,Chairs,Furnishings"
4,SJ-20500,Appliances
4,SK-19990,"Appliances,Supplies"
4,SO-20335,"Envelopes,Furnishings"
4,SR-20425,"Binders,Machines,Paper"
4,SS-20140,"Accessories,Furnishings"
4,SV-20935,Phones
4,TA-21385,Art
4,TC-21475,"Accessories,Binders,Tables"
4,TD-20995,Supplies
4,YS-21880,Chairs
5,AB-10060,Accessories
5,AB-10105,Phones
5,AC-10420,"Binders,Storage"
5,AG-10900,"Bookcases,Labels"
5,AH-10075,"Chairs,Paper"
5,AH-10465,"Phones,Storage"
5,AI-10855,Paper
5,AJ-10780,"Accessories,Art,Chairs,Labels"
5,AM-10360,"Bookcases,Paper"
5,AR-10405,Binders
5,AT-10735,Appliances
5,BC-11125,"Accessories,Art,Chairs"
5,BD-11725,"Binders,Bookcases,Furnishings"
5,BH-11710,Accessories
5,BM-11575,Furnishings
5,BM-11650,"Binders,Envelopes,Paper,Phones,Storage"
5,BM-11785,Accessories
5,BO-11350,"Binders,Fasteners,Furnishings,Tables"
5,BW-11110,"Accessories,Binders"
5,CA-12775,"Accessories,Furnishings,Labels,Supplies"
5,CC-12220,Appliances
5,CC-12430,"Chairs,Furnishings,Machines"
5,CD-11920,Paper
5,CJ-12010,"Chairs,Supplies,Tables"
5,CK-12205,Paper
5,CM-11815,"Accessories,Paper,Phones"
5,CS-11950,Phones
5,CS-12175,"Appliances,Binders,Supplies,Tables"
5,CW-11905,Binders
5,DB-12970,Storage
5,DB-13555,"Binders,Bookcases,Storage"
5,DB-13615,Paper
5,DD-13570,"Art,Paper"
5,DJ-13510,Chairs
5,DK-12985,Envelopes
5,DN-13690,Furnishings
5,DP-13000,"Binders,Labels,Paper"
5,DW-13480,"Binders,Phones"
5,DW-13585,Furnishings
5,EB-13705,Paper
5,EH-13945,"Accessories,Paper"
5,EJ-14155,Envelopes
5,EM-13825,Accessories
5,FH-14275,Appliances
5,GT-14710,"Art,Chairs,Paper,Phones"
5,GT-14755,"Paper,Storage"
5,GZ-14470,Art
5,HZ-14950,Furnishings
5,JA-15970,"Binders,Paper,Phones"
5,JC-15775,Paper
5,JD-16015,"Paper,Phones"
5,JF-15295,"Chairs,Furnishings,Labels,Phones"
5,JF-15490,Accessories
5,JG-15160,"Furnishings,Phones,Storage"
5,JG-15805,"Art,Furnishings"
5,JH-15910,"Labels,Phones"
5,JK-16120,"Art,Furnishings,Paper,Storage"
5,JL-15505,Storage
5,JM-15865,Storage
5,JO-15550,Fasteners
5,JP-16135,Art
5,KA-16525,Art
5,KB-16585,"Paper,Supplies"
5,KC-16675,"Appliances,Supplies"
5,KL-16645,"Appliances,Binders,Fasteners,Storage"
5,KT-16480,Bookcases
5,LB-16795,"Accessories,Binders,Storage,Tables"
5,LE-16810,"Binders,Chairs,Supplies"
5,LH-17020,"Binders,Bookcases,Envelopes"
5,LO-17170,Furnishings
5,LP-17080,Paper
5,LW-16990,"Paper,Phones,Tables"
5,MB-18085,"Binders,Labels,Phones"
5,MC-17605,"Chairs,Envelopes"
5,MD-17350,Chairs
5,MD-17860,"Appliances,Furnishings"
5,MG-17890,"Accessories,Furnishings,Phones"
5,MH-18115,"Binders,Chairs"
5,MK-18160,"Art,Paper,Storage"
5,ML-17410,"Appliances,Binders,Furnishings,Paper"
5,ML-17755,"Accessories,Art"
5,MM-18055,Appliances
5,MY-18295,Binders
5,NC-18340,"Art,Fasteners,Storage"
5,ND-18460,Binders
5,PJ-18835,Paper
5,PJ-19015,"Accessories,Furnishings"
5,PO-18865,Chairs
5,PP-18955,"Appliances,Binders,Phones"
5,PS-19045,Copiers
5,RB-19795,Labels
5,RD-19480,"Appliances,Binders,Phones"
5,RL-19615,Art
5,RP-19855,"Accessories,Art"
5,RS-19765,"Accessories,Appliances,Phones"
5,RW-19540,"Appliances,Chairs"
5,SA-20830,Binders
5,SC-20380,"Accessories,Bookcases,Paper,Phones"
5,SG-20890,"Binders,Storage"
5,SH-20395,Binders
5,SJ-20125,Accessories
5,SM-20950,Paper
5,TB-21355,"Appliances,Binders,Bookcases,Phones"
5,TB-21625,"Accessories,Binders,Fasteners,Furnishings"
5,TC-21295,Labels
5,TH-21235,"Binders,Chairs"
5,TS-21340,"Binders,Furnishings"
5,TS-21370,Bookcases
5,TS-21655,Appliances
5,VF-21715,Art
5,VS-21820,Tables
5,YS-21880,Binders
5,ZC-21910,Art
6,AA-10315,"Appliances,Binders"
6,AB-10255,"Paper,Phones,Storage,Supplies"
6,AG-10675,Paper
6,AM-10705,Tables
6,AR-10405,"Accessories,Paper"
6,AS-10240,"Binders,Furnishings"
6,BB-10990,Appliances
6,BC-11125,"Art,Chairs,Storage"
6,BD-11320,"Labels,Phones,Storage"
6,BW-11065,Storage
6,BW-11200,"Art,Binders"
6,CB-12535,Art
6,CC-12220,Phones
6,CC-12550,Phones
6,CC-12670,"Bookcases,Paper"
6,CJ-12010,Art
6,CL-11890,Paper
6,CS-11860,Paper
6,CS-12355,"Accessories,Art"
6,CT-11995,Binders
6,CV-12805,Binders
6,DB-13270,"Binders,Tables"
6,DB-13405,Furnishings
6,DC-12850,"Envelopes,Paper"
6,DK-13225,Storage
6,Dl-13600,Appliances
6,DO-13435,"Envelopes,Paper,Storage"
6,Dp-13240,"Labels,Paper,Storage"
6,DR-12880,"Bookcases,Chairs,Furnishings,Labels,Supplies"
6,DV-13045,Furnishings
6,DV-13465,Paper
6,EH-14125,"Binders,Paper"
6,FC-14335,Paper
6,FH-14350,"Binders,Paper,Phones"
6,FM-14380,Phones
6,FO-14305,"Accessories,Binders,Storage,Supplies"
6,GA-14515,"Chairs,Furnishings,Paper"
6,GD-14590,Accessories
6,GH-14410,"Chairs,Furnishings,Phones,Storage"
6,GT-14710,Paper
6,GZ-14545,Art
6,HG-15025,Accessories
6,HK-14890,Furnishings
6,HW-14935,"Accessories,Appliances,Binders,Chairs"
6,JC-15775,Bookcases
6,JD-15790,Paper
6,JE-15475,"Accessories,Binders"
6,JE-15715,"Bookcases,Chairs"
6,JE-15745,"Appliances,Chairs,Phones"
6,JK-15730,Binders
6,JS-15685,"Binders,Storage"
6,KD-16345,Binders
6,KH-16330,"Accessories,Chairs,Furnishings"
6,KH-16690,Phones
6,KN-16390,"Machines,Paper,Tables"
6,KN-16705,Art
6,KT-16480,Fasteners
6,LC-16885,Furnishings
6,LC-16930,Art
6,LS-17200,"Binders,Paper"
6,LW-16990,"Furnishings,Phones"
6,LW-17125,Binders
6,MA-17995,Chairs
6,MB-17305,Paper
6,MC-17635,"Binders,Paper"
6,ME-17320,"Binders,Tables"
6,ME-17725,"Appliances,Bookcases,Tables"
6,MG-17680,"Bookcases,Phones"
6,MK-17905,Binders
6,ML-17755,"Art,Fasteners,Labels"
6,MM-18280,Fasteners
6,MO-17800,"Furnishings,Paper,Storage,Tables"
6,MT-18070,"Bookcases,Labels,Phones"
6,NC-18625,Storage
6,ND-18460,Storage
6,NH-18610,Art
6,NK-18490,Paper
6,NP-18700,Accessories
6,NR-18550,"Accessories,Appliances,Binders,Bookcases,Paper,Phones"
6,OT-18730,Storage
6,PF-19165,"Furnishings,Storage"
6,PG-18895,"Art,Paper,Phones"
6,PJ-19015,Storage
6,PL-18925,"Binders,Storage"
6,PW-19030,"Accessories,Furnishings,Paper"
6,RA-19285,"Furnishings,Storage"
6,RA-19945,Storage
6,RB-19465,Chairs
6,SB-20170,"Art,Binders,Chairs,Paper"
6,SB-20185,"Bookcases,Paper,Phones"
6,SC-20260,"Binders,Paper,Storage,Supplies"
6,SC-20305,Accessories
6,SC-20575,Binders
6,SC-20725,Phones
6,SC-20800,Art
6,SD-20485,"Chairs,Phones,Storage"
6,SG-20470,Tables
6,SR-20740,"Accessories,Machines"
6,SS-20140,"Accessories,Binders,Paper"
6,ST-20530,"Art,Paper"
6,TB-21400,"Binders,Bookcases,Machines,Paper,Storage"
6,TD-20995,Art
6,TH-21235,"Paper,Phones,Supplies"
6,TH-21550,"Art,Paper,Phones"
6,TR-21325,"Accessories,Labels"
6,TS-21205,"Appliances,Furnishings,Paper,Phones,Storage,Tables"
6,TS-21610,"Chairs,Furnishings,Paper"
6,TT-21220,Paper
6,TW-21025,Chairs
6,VP-21730,Binders
6,WB-21850,"Accessories,Art,Binders,Storage"
6,ZC-21910,"Appliances,Binders,Paper"
6,ZD-21925,Appliances
7,AB-10255,Copiers
7,AG-10675,"Appliances,Art,Phones"
7,AH-10120,"Binders,Paper"
7,AH-10585,Chairs
7,AJ-10795,"Bookcases,Envelopes,Paper,Storage"
7,AM-10705,"Art,Binders,Bookcases,Furnishings,Phones,Supplies"
7,AR-10825,"Art,Chairs,Furnishings,Paper,Phones"
7,AT-10735,Fasteners
7,AZ-10750,Art
7,BE-11335,"Furnishings,Paper,Phones"
7,BF-11275,Appliances
7,BP-11155,Furnishings
7,CA-12265,Furnishings
7,CP-12340,Binders
7,CS-11860,"Appliances,Paper"
7,CS-11950,"Furnishings,Storage"
7,CS-12355,Binders
7,CS-12460,"Furnishings,Phones"
7,DD-13570,Labels
7,DK-12835,Phones
7,DK-13375,"Accessories,Furnishings,Paper"
7,EA-14035,Paper
7,EB-13930,Chairs
7,EC-14050,"Furnishings,Storage"
7,EH-14125,Accessories
7,EM-13825,"Accessories,Appliances,Binders,Chairs,Labels"
7,EM-14200,Tables
7,FG-14260,Storage
7,FH-14275,"Machines,Paper"
7,FH-14365,"Binders,Paper,Phones"
7,FM-14290,"Accessories,Paper"
7,GM-14440,Art
7,GM-14500,Tables
7,GM-14680,Phones
7,GW-14605,Accessories
7,GZ-14545,"Accessories,Chairs"
7,HE-14800,"Accessories,Art,Furnishings"
7,HR-14830,Copiers
7,JC-15385,"Accessories,Binders,Furnishings,Labels"
7,JC-15775,"Furnishings,Paper,Storage,Supplies,Tables"
7,JD-16015,Accessories
7,JF-15190,"Art,Paper,Phones,Storage"
7,JF-15355,Phones
7,JH-15820,Storage
7,JK-15640,"Accessories,Machines,Phones"
7,JL-15835,"Art,Furnishings,Labels,Paper,Phones,Storage"
7,JW-15955,Chairs
7,KB-16240,"Accessories,Appliances"
7,KF-16285,"Binders,Paper,Storage"
7,KL-16555,Binders
7,KN-16390,Labels
7,KW-16435,Phones
7,LA-16780,"Fasteners,Phones"
7,LB-16795,"Binders,Paper"
7,LH-16900,"Accessories,Art"
7,LR-17035,Labels
7,LS-16945,"Binders,Furnishings,Paper"
7,LS-17200,"Appliances,Binders"
7,MB-17305,Furnishings
7,MG-18145,Furnishings
7,MH-17455,"Furnishings,Phones"
7,MH-17620,"Binders,Phones,Storage"
7,ML-17410,"Binders,Chairs,Paper,Tables"
7,MM-17260,"Binders,Tables"
7,MM-18055,"Accessories,Art,Chairs,Labels,Paper"
7,MO-17950,Accessories
7,MP-17965,Accessories
7,MR-17545,Paper
7,MY-17380,Paper
7,NF-18385,Chairs
7,NM-18445,Binders
7,NS-18640,"Appliances,Art"
7,NW-18400,Art
7,PO-18850,Chairs
7,PO-19180,Accessories
7,PT-19090,Binders
7,RB-19360,Labels
7,RD-19585,"Phones,Storage"
7,RF-19735,"Appliances,Binders,Chairs,Phones"
7,RL-19615,"Accessories,Bookcases,Paper,Phones,Storage"
7,RR-19525,"Paper,Storage"
7,RS-19420,"Appliances,Paper,Tables"
7,SF-20065,Chairs
7,SF-20200,"Art,Phones"
7,SM-20320,Furnishings
7,SM-20950,Binders
7,SV-20365,"Chairs,Copiers,Supplies"
7,SW-20350,"Binders,Phones,Storage"
7,SW-20455,"Binders,Chairs,Furnishings,Paper"
7,SZ-20035,"Furnishings,Paper,Tables"
7,TB-21520,"Binders,Paper"
7,TC-21295,"Accessories,Art,Binders,Fasteners,Furnishings,Phones"
7,TC-21475,Binders
7,TD-20995,"Art,Binders,Paper"
7,TM-21490,"Furnishings,Phones"
7,TS-21430,"Binders,Phones"
7,TS-21505,Furnishings
7,TW-21025,Paper
7,VF-21715,"Art,Binders,Furnishings"
7,VG-21790,"Bookcases,Labels"
7,VM-21685,Art
7,YS-21880,Art
8,AB-10105,Accessories
8,AH-10120,"Accessories,Binders"
8,AH-10195,Binders
8,AJ-10945,Appliances
8,AR-10405,Tables
8,AS-10045,"Machines,Paper"
8,AT-10735,Phones
8,AW-10930,"Binders,Phones"
8,BB-11545,"Art,Chairs"
8,BD-11725,"Furnishings,Labels"
8,BG-11035,Accessories
8,BO-11350,Labels
8,BP-11185,"Accessories,Paper"
8,BW-11110,"Chairs,Storage"
8,CC-12475,Accessories
8,CK-12205,"Accessories,Binders,Storage"
8,CM-11815,"Accessories,Chairs,Storage"
8,CM-12160,Accessories
8,CM-12190,Bookcases
8,CP-12085,"Binders,Labels,Storage"
8,DC-12850,"Accessories,Appliances,Binders,Chairs,Envelopes,Fasteners,Furnishings"
8,DK-12895,"Accessories,Binders,Copiers,Paper,Phones,Storage"
8,DL-13495,"Paper,Storage"
8,DM-13015,"Appliances,Paper"
8,DO-13435,Binders
8,DO-13645,Paper
8,DP-13000,Furnishings
8,Dp-13240,Tables
8,DR-12880,"Appliances,Binders,Chairs,Copiers,Furnishings,Paper,Storage,Supplies"
8,DR-12940,Binders
8,DW-13540,"Art,Paper"
8,ED-13885,"Appliances,Art,Chairs,Furnishings,Supplies"
8,EH-13765,"Binders,Chairs"
8,EM-13810,Storage
8,EM-13960,Storage
8,FM-14380,Accessories
8,GA-14515,Storage
8,GA-14725,Paper
8,GM-14455,"Art,Labels,Phones"
8,GM-14500,Binders
8,GT-14710,"Envelopes,Fasteners,Supplies"
8,HJ-14875,Storage
8,HK-14890,Binders
8,HM-14860,"Binders,Envelopes,Paper"
8,HW-14935,Accessories
8,IL-15100,"Envelopes,Furnishings,Phones"
8,JB-15400,Binders
8,JE-15715,Storage
8,JF-15490,"Fasteners,Storage"
8,JG-15160,Appliances
8,JK-15370,"Appliances,Art,Binders,Phones,Storage,Supplies"
8,JL-15505,"Accessories,Appliances,Binders,Chairs,Furnishings,Paper,Phones"
8,JM-15250,Tables
8,JM-16195,"Appliances,Furnishings"
8,JW-15955,Art
8,KD-16495,Labels
8,KN-16705,"Art,Binders,Phones,Tables"
8,KT-16480,Paper
8,LH-16750,Phones
8,LR-17035,"Phones,Storage,Supplies"
8,MC-17575,Paper
8,MD-17860,Art
8,MG-17650,"Appliances,Supplies"
8,MG-17890,Supplies
8,MK-17905,Binders
8,MR-17545,"Binders,Phones,Storage"
8,MS-17770,Storage
8,NF-18385,Chairs
8,NF-18595,Storage
8,NG-18355,"Binders,Furnishings,Phones"
8,NP-18700,"Art,Labels"
8,PJ-19015,Art
8,PK-19075,Binders
8,PO-18850,"Appliances,Furnishings,Paper,Phones"
8,PO-18865,"Accessories,Binders,Labels"
8,PR-18880,"Appliances,Art,Binders,Furnishings,Labels,Phones,Tables"
8,PW-19030,Paper
8,RA-19915,"Binders,Storage"
8,RH-19495,Paper
8,RL-19615,Paper
8,RW-19540,"Appliances,Binders,Envelopes,Furnishings,Paper,Phones,Storage"
8,SC-20230,Storage
8,SC-20305,Paper
8,SC-20575,Binders
8,SC-20680,Accessories
8,SC-20695,Paper
8,SC-20845,"Furnishings,Paper,Storage"
8,SE-20110,Art
8,SF-20200,Furnishings
8,SF-20965,"Art,Binders,Paper,Phones"
8,SH-20395,Supplies
8,SJ-20125,Paper
8,SJ-20215,"Binders,Storage"
8,SP-20620,Envelopes
8,ST-20530,Appliances
8,SV-20365,"Bookcases,Furnishings"
8,TB-21055,Labels
8,TB-21355,Paper
8,TH-21550,"Furnishings,Paper"
8,TM-21490,Tables
8,TP-21415,Chairs
8,TT-21460,Phones
8,YS-21880,"Binders,Furnishings,Storage"
9,AA-10375,Paper
9,AB-10060,Paper
9,AB-10105,"Accessories,Binders,Phones,Storage"
9,AB-10150,Accessories
9,AB-10165,Paper
9,AC-10615,"Accessories,Appliances,Art,Binders,Chairs,Furnishings,Labels,Paper,Phones,Tables"
9,AG-10300,Art
9,AG-10390,Furnishings
9,AG-10675,"Accessories,Binders,Storage"
9,AG-10900,"Furnishings,Storage"
9,AH-10075,"Binders,Supplies"
9,AH-10210,Binders
9,AI-10855,Paper
9,AP-10915,"Accessories,Bookcases,Envelopes"
9,AR-10345,"Accessories,Art"
9,AS-10045,Binders
9,AS-10090,"Accessories,Binders,Furnishings"
9,AS-10225,"Binders,Bookcases,Labels,Paper,Storage"
9,AS-10630,"Envelopes,Labels,Machines"
9,AW-10840,"Art,Labels,Phones"
9,BB-10990,"Art,Paper"
9,BB-11545,Paper
9,BD-11320,Accessories
9,BD-11605,"Accessories,Labels"
9,BD-11725,Furnishings
9,BE-11335,"Accessories,Phones,Storage"
9,BE-11410,Paper
9,BF-10975,Labels
9,BF-11020,"Binders,Chairs,Copiers,Fasteners,Furnishings,Paper"
9,BF-11080,"Appliances,Paper"
9,BG-11695,Furnishings
9,BK-11260,Supplies
9,BM-11575,Storage
9,BN-11515,Furnishings
9,BP-11095,Phones
9,BS-11755,"Appliances,Binders"
9,BT-11530,Accessories
9,CA-11965,Envelopes
9,CA-12265,Phones
9,CA-12775,Chairs
9,CB-12025,"Appliances,Envelopes,Furnishings,Labels,Paper"
9,CC-12145,Art
9,CC-12475,"Appliances,Paper,Tables"
9,CK-12325,Art
9,CL-11890,"Art,Binders,Bookcases,Phones"
9,CL-12700,Accessories
9,CM-12160,Supplies
9,CS-11845,"Appliances,Paper"
9,CS-12400,"Art,Tables"
9,CT-11995,"Binders,Chairs"
9,CV-12805,Binders
9,CY-12745,"Accessories,Fasteners"
9,DB-12910,Paper
9,DB-13060,Phones
9,DB-13555,"Accessories,Appliances,Paper"
9,DB-13615,Paper
9,DB-13660,"Binders,Chairs,Paper"
9,DC-12850,"Art,Storage"
9,DJ-13510,"Binders,Paper"
9,DK-12835,"Appliances,Paper"
9,DL-12865,Binders
9,Dl-13600,Furnishings
9,DM-12955,Appliances
9,DO-13645,"Accessories,Binders,Chairs,Paper"
9,DP-13105,"Accessories,Art"
9,Dp-13240,"Accessories,Binders,Storage"
9,DS-13030,"Accessories,Appliances,Binders,Furnishings,Paper,Storage"
9,DW-13195,Paper
9,DW-13540,"Appliances,Binders,Storage"
9,EB-13870,Binders
9,EB-14110,Phones
9,EH-14005,"Bookcases,Labels"
9,EH-14185,Paper
9,EJ-14155,Storage
9,EM-14095,Storage
9,EP-13915,Binders
9,ES-14020,"Binders,Chairs,Phones"
9,ES-14080,Storage
9,FA-14230,"Machines,Phones"
9,FC-14245,"Phones,Storage"
9,FG-14260,Binders
9,FH-14275,"Binders,Chairs"
9,FH-14365,Envelopes
9,GK-14620,Labels
9,GM-14500,Art
9,GM-14695,Tables
9,GZ-14470,"Machines,Storage"
9,HA-14905,"Accessories,Phones"
9,HA-14920,"Fasteners,Paper"
9,HW-14935,"Art,Bookcases,Paper"
9,HZ-14950,Paper
9,JA-15970,"Accessories,Binders,Chairs,Envelopes,Paper,Supplies"
9,JB-16000,"Envelopes,Labels"
9,JC-15340,Furnishings
9,JD-15790,"Art,Storage"
9,JD-16015,"Binders,Labels"
9,JE-15610,"Accessories,Binders,Paper,Phones"
9,JE-15745,"Accessories,Binders"
9,JF-15355,"Envelopes,Phones"
9,JF-15415,"Binders,Chairs,Paper,Phones"
9,JK-15730,"Bookcases,Supplies"
9,JK-16120,Art
9,JL-15235,"Binders,Tables"
9,JM-15535,"Furnishings,Paper"
9,JM-15865,Paper
9,JM-16195,"Furnishings,Phones"
9,JO-15280,Storage
9,JP-16135,Art
9,JR-16210,"Art,Bookcases,Furnishings,Phones"
9,JS-15595,"Appliances,Fasteners,Storage"
9,KB-16240,"Accessories,Chairs"
9,KB-16405,"Art,Chairs,Paper,Phones"
9,KC-16540,Furnishings
9,KD-16495,Storage
9,KF-16285,"Art,Chairs,Envelopes,Labels,Paper,Phones,Storage"
9,KH-16630,"Paper,Phones"
9,KN-16705,Envelopes
9,KT-16480,Appliances
9,KW-16435,"Art,Chairs,Furnishings,Labels"
9,LC-16870,"Appliances,Paper,Phones"
9,LC-16930,Phones
9,LC-17050,"Art,Chairs,Paper"
9,LC-17140,"Accessories,Art,Furnishings"
9,LP-17095,"Accessories,Art,Paper"
9,LS-17200,Storage
9,LT-17110,Art
9,LW-17215,Labels
9,MC-17605,Accessories
9,MC-18100,Accessories
9,MD-17350,"Art,Binders,Paper"
9,ME-18010,Storage
9,MG-17680,"Accessories,Chairs,Furnishings,Paper,Tables"
9,MG-17875,Storage
9,MG-17890,Storage
9,MH-17290,"Appliances,Binders,Furnishings"
9,MH-17785,Paper
9,MH-18115,Phones
9,ML-18265,Accessories
9,MM-17920,Accessories
9,MM-18055,Tables
9,MM-18280,"Furnishings,Paper"
9,MO-17800,"Chairs,Furnishings,Paper"
9,MY-18295,"Accessories,Paper"
9,NF-18595,Paper
9,NK-18490,"Paper,Supplies"
9,PA-19060,Envelopes
9,PB-19105,"Art,Paper"
9,PB-19150,Furnishings
9,PF-19225,"Art,Furnishings,Phones"
9,PG-18820,"Appliances,Binders,Chairs,Fasteners,Furnishings"
9,PK-19075,"Binders,Tables"
9,PP-18955,"Binders,Phones"
9,PS-18760,"Binders,Chairs,Furnishings,Machines"
9,RA-19285,"Binders,Phones,Storage"
9,RA-19885,"Binders,Envelopes,Furnishings,Paper"
9,RB-19360,"Accessories,Art"
9,RB-19705,"Art,Chairs,Phones,Storage"
9,RC-19960,Furnishings
9,RD-19480,"Appliances,Art,Binders,Chairs,Furnishings"
9,RD-19660,Binders
9,RD-19900,"Accessories,Storage"
9,RH-19495,Binders
9,RK-19300,Paper
9,RO-19780,"Chairs,Paper"
9,RS-19765,Accessories
9,RW-19540,"Appliances,Tables"
9,RW-19690,"Accessories,Appliances,Binders,Paper,Storage"
9,SB-20290,Storage
9,SC-20050,"Accessories,Binders"
9,SC-20380,Accessories
9,SC-20440,Binders
9,SC-20575,Art
9,SF-20965,Binders
9,SG-20605,Art
9,SH-19975,"Art,Binders,Envelopes,Paper"
9,SH-20395,Paper
9,SJ-20125,"Art,Binders,Chairs,Phones"
9,SL-20155,Art
9,SN-20560,Binders
9,SO-20335,"Furnishings,Paper,Storage,Supplies"
9,SP-20620,"Accessories,Art,Binders,Chairs,Furnishings,Phones,Storage"
9,SP-20860,Paper
9,SS-20140,"Art,Furnishings,Paper,Phones,Supplies"
9,SS-20410,"Appliances,Binders,Fasteners"
9,SS-20875,"Accessories,Binders"
9,SU-20665,Chairs
9,SV-20365,"Accessories,Binders,Chairs,Fasteners,Paper,Phones,Storage"
9,TB-21055,"Paper,Storage"
9,TB-21520,Paper
9,TC-21145,"Chairs,Furnishings,Phones,Storage"
9,TG-21640,"Accessories,Furnishings"
9,TH-21235,Storage
9,TM-21010,Paper
9,TP-21415,Paper
9,TS-21505,"Accessories,Binders"
9,VM-21835,Fasteners
10,AC-10450,Binders
10,AG-10495,"Labels,Paper,Storage"
10,AG-10765,Binders
10,AH-10075,"Appliances,Furnishings,Paper,Tables"
10,AH-10120,Art
10,AH-10210,Storage
10,AJ-10780,Paper
10,AJ-10945,Art
10,AJ-10960,Art
10,AS-10045,Tables
10,BD-11620,"Storage,Tables"
10,BF-11020,Phones
10,BF-11215,Storage
10,BK-11260,Accessories
10,BO-11425,Binders
10,BP-11050,Storage
10,BP-11155,Paper
10,CA-12265,"Binders,Bookcases,Paper"
10,CC-12430,"Accessories,Art,Furnishings"
10,CK-12760,Tables
10,CM-12115,"Furnishings,Machines"
10,CM-12160,"Phones,Storage"
10,CM-12655,Machines
10,CP-12085,Furnishings
10,CR-12730,Appliances
10,CR-12820,"Accessories,Paper,Storage"
10,CS-11950,Fasteners
10,CS-12250,"Accessories,Phones,Storage"
10,CY-12745,"Envelopes,Phones"
10,DB-13210,Storage
10,DC-13285,Bookcases
10,DK-12835,"Accessories,Chairs,Paper"
10,DK-13090,Paper
10,DL-13495,"Furnishings,Labels"
10,DM-13015,"Art,Binders,Phones"
10,Dp-13240,"Binders,Fasteners,Furnishings,Paper,Phones,Storage,Tables"
10,DW-13195,Tables
10,EB-13705,"Storage,Tables"
10,EB-13840,"Binders,Chairs,Paper"
10,EB-14170,Paper
10,EL-13735,Binders
10,FC-14245,"Appliances,Binders,Paper"
10,FG-14260,"Art,Fasteners,Phones"
10,GB-14530,Paper
10,GG-14650,"Appliances,Chairs,Fasteners,Furnishings,Phones,Tables"
10,GH-14410,Machines
10,GM-14440,Chairs
10,HA-14905,"Binders,Chairs"
10,HG-14845,"Binders,Bookcases,Paper"
10,HH-15010,"Envelopes,Furnishings,Labels,Tables"
10,HL-15040,Storage
10,HM-14860,"Art,Paper,Phones"
10,IG-15085,"Art,Binders,Paper"
10,JB-15400,Binders
10,JC-16105,"Furnishings,Paper,Phones"
10,JE-16165,"Binders,Labels"
10,JF-15190,"Binders,Labels,Phones"
10,JK-15205,"Appliances,Art,Chairs,Labels,Paper,Phones"
10,JK-15625,"Bookcases,Chairs"
10,JK-15730,Binders
10,JK-16090,"Art,Binders,Bookcases,Supplies"
10,JM-15250,"Furnishings,Paper,Storage"
10,JM-15655,"Phones,Tables"
10,JO-15145,"Bookcases,Phones"
10,JR-15700,Phones
10,JS-16030,Binders
10,JW-15220,"Accessories,Binders,Furnishings,Phones"
10,JW-15955,Furnishings
10,KH-16510,"Accessories,Paper"
10,KH-16630,Art
10,LO-17170,Envelopes
10,LW-16825,Art
10,MA-17560,"Art,Paper,Phones"
10,MB-17305,"Art,Chairs"
10,MC-17275,Labels
10,MC-18100,"Accessories,Furnishings,Paper,Storage"
10,MD-17860,Storage
10,MG-17650,"Accessories,Paper,Phones"
10,MG-18145,"Accessories,Phones"
10,MH-17455,"Art,Storage"
10,MH-18025,"Labels,Paper,Tables"
10,ML-17395,"Envelopes,Phones"
10,ML-18040,"Accessories,Binders"
10,MM-18055,Binders
10,MM-18280,Paper
10,MO-17500,Tables
10,MP-17965,"Furnishings,Storage"
10,MP-18175,"Binders,Paper"
10,MY-17380,Furnishings
10,MY-18295,"Paper,Phones"
10,NB-18655,"Art,Binders,Paper"
10,ND-18370,Binders
10,NF-18385,Tables
10,NK-18490,"Accessories,Art,Binders"
10,NP-18670,"Accessories,Bookcases,Fasteners,Furnishings"
10,NS-18505,"Appliances,Binders,Chairs"
10,NZ-18565,"Appliances,Furnishings,Paper"
10,OT-18730,"Envelopes,Tables"
10,PG-18895,"Accessories,Labels"
10,PH-18790,"Chairs,Furnishings"
10,PO-18850,"Appliances,Paper,Tables"
10,PO-19195,"Binders,Phones"
10,PS-18970,"Art,Furnishings"
10,PT-19090,"Art,Furnishings,Paper,Storage"
10,PV-18985,"Binders,Storage"
10,RA-19945,"Furnishings,Storage,Tables"
10,RB-19330,"Accessories,Binders,Storage"
10,RB-19465,Labels
10,RB-19795,Accessories
10,RD-19480,Phones
10,RD-19810,"Chairs,Labels,Storage,Supplies"
10,RF-19735,"Art,Binders,Furnishings"
10,RS-19420,Labels
10,RS-19765,"Paper,Tables"
10,RW-19630,Phones
10,RW-19690,"Accessories,Art"
10,SA-20830,Labels
10,SC-20440,"Binders,Phones"
10,SC-20695,Appliances
10,SH-19975,"Envelopes,Paper"
10,SL-20155,"Phones,Tables"
10,SM-20320,Paper
10,SN-20710,Chairs
10,SP-20860,Accessories
10,SP-20920,Appliances
10,SS-20140,"Paper,Storage"
10,SV-20815,Art
10,SW-20245,Chairs
10,TA-21385,"Copiers,Envelopes,Phones"
10,TH-21550,Binders
10,TN-21040,Accessories
10,TS-21370,"Chairs,Machines,Phones"
10,TS-21610,"Binders,Furnishings,Paper"
10,TW-21025,Paper
10,VP-21760,"Accessories,Tables"
10,XP-21865,Paper
11,AA-10645,Paper
11,AB-10060,"Accessories,Chairs,Paper,Tables"
11,AB-10105,"Binders,Furnishings"
11,AB-10150,"Art,Furnishings,Paper,Supplies"
11,AB-10600,"Accessories,Binders,Chairs,Machines,Phones"
11,AD-10180,Accessories
11,AF-10870,"Chairs,Paper,Supplies"
11,AH-10075,Art
11,AH-10195,Binders
11,AH-10210,Phones
11,AP-10720,"Binders,Tables"
11,AR-10825,Supplies
11,AS-10135,"Binders,Paper"
11,AW-10930,Envelopes
11,BB-11545,Appliances
11,BD-11320,"Binders,Furnishings"
11,BD-11500,"Bookcases,Storage"
11,BF-11005,"Appliances,Art,Fasteners,Phones,Storage"
11,BF-11275,Phones
11,BG-11035,Art
11,BG-11695,Storage
11,BG-11740,Tables
11,BM-11650,"Accessories,Binders,Furnishings,Storage"
11,BP-11095,Accessories
11,BP-11230,Tables
11,BP-11290,Tables
11,BS-11380,"Accessories,Art,Copiers"
11,BS-11590,Chairs
11,BT-11680,Furnishings
11,CB-12025,Accessories
11,CB-12415,Paper
11,CC-12220,"Furnishings,Paper,Phones,Storage"
11,CC-12370,"Binders,Furnishings,Paper"
11,CC-12430,"Art,Paper"
11,CC-12475,"Paper,Storage"
11,CC-12610,Appliances
11,CD-11920,"Art,Bookcases,Paper,Phones"
11,CD-11980,Paper
11,CD-12280,"Accessories,Binders,Chairs,Fasteners,Furnishings,Paper,Phones,Storage,Tables"
11,CG-12040,Binders
11,CK-12205,"Binders,Machines,Paper"
11,CK-12595,"Accessories,Binders,Paper,Phones"
11,CM-12190,Phones
11,CM-12385,"Furnishings,Labels,Phones"
11,CR-12580,"Accessories,Tables"
11,CS-12250,Paper
11,CS-12355,"Appliances,Art,Labels,Supplies"
11,CS-12400,Storage
11,CS-12505,Appliances
11,DB-13120,Paper
11,DB-13270,"Accessories,Phones"
11,DB-13615,"Appliances,Art"
11,DC-12850,Supplies
11,DD-13570,Fasteners
11,DG-13300,"Envelopes,Phones"
11,DJ-13510,"Accessories,Furnishings"
11,DK-12895,Furnishings
11,DK-13090,"Art,Binders,Copiers,Paper,Phones"
11,DK-13375,Storage
11,DL-12925,"Labels,Paper,Storage"
11,DL-13315,Paper
11,DL-13330,Furnishings
11,DM-13015,Binders
11,DO-13645,Phones
11,DR-12940,Binders
11,EB-13705,Binders
11,EB-13750,"Furnishings,Paper,Phones"
11,EC-14050,Binders
11,EG-13900,Accessories
11,EJ-14155,Accessories
11,EK-13795,Art
11,EM-13825,Phones
11,EM-14065,Storage
11,EM-14140,"Accessories,Chairs,Furnishings,Paper,Phones"
11,EP-13915,"Art,Labels,Paper,Phones,Tables"
11,ES-14020,Chairs
11,FG-14260,"Appliances,Binders"
11,FH-14275,"Binders,Phones"
11,FM-14290,"Accessories,Binders,Labels,Paper,Storage"
11,FO-14305,"Art,Binders"
11,FP-14320,Accessories
11,GA-14725,"Appliances,Binders,Paper"
11,GG-14650,"Art,Binders"
11,GH-14425,Accessories
11,GT-14635,"Appliances,Machines"
11,GT-14710,Fasteners
11,GT-14755,Binders
11,HG-14845,Storage
11,HG-15025,Art
11,HL-15040,Copiers
11,HP-14815,"Binders,Chairs"
11,HZ-14950,"Bookcases,Phones"
11,JB-15400,Chairs
11,JB-16000,"Bookcases,Paper"
11,JC-16105,Labels
11,JD-16150,"Appliances,Envelopes"
11,JE-15610,"Binders,Chairs"
11,JE-15715,Art
11,JE-15745,Furnishings
11,JF-15565,"Appliances,Binders,Furnishings,Paper,Storage"
11,JG-15310,Appliances
11,JH-15430,"Art,Binders"
11,JH-15910,Tables
11,JK-15370,Storage
11,JL-15175,Paper
11,JL-15505,Supplies
11,JL-15835,Accessories
11,JM-15250,"Accessories,Art,Phones"
11,JM-15265,"Binders,Furnishings"
11,JM-16195,Paper
11,JO-15145,Binders
11,JP-15460,"Binders,Paper,Tables"
11,JR-16210,"Binders,Paper"
11,JS-15685,"Appliances,Binders,Paper,Storage"
11,JW-15220,Art
11,KA-16525,"Art,Bookcases,Chairs,Envelopes,Paper"
11,KB-16600,Phones
11,KC-16675,"Chairs,Paper"
11,KD-16345,Phones
11,KE-16420,"Bookcases,Storage"
11,KH-16330,"Accessories,Binders,Furnishings,Paper,Phones"
11,KH-16630,Paper
11,KL-16645,Phones
11,KM-16225,"Art,Fasteners"
11,KM-16375,Art
11,KN-16390,Chairs
11,KN-16450,Furnishings
11,LB-16735,Paper
11,LC-16885,Furnishings
11,LC-16930,Chairs
11,LC-17050,Furnishings
11,LP-17080,"Binders,Furnishings"
11,LS-16975,"Accessories,Art,Binders,Envelopes,Furnishings,Phones,Storage"
11,LS-17245,"Accessories,Furnishings"
11,LT-17110,Phones
11,LW-16990,"Accessories,Chairs,Paper"
11,MB-17305,"Appliances,Fasteners"
11,MB-18085,Furnishings
11,MC-17590,"Accessories,Storage"
11,MC-17845,"Appliances,Binders"
11,MC-18100,"Furnishings,Storage"
11,MD-17860,Binders
11,ME-17320,"Appliances,Chairs,Furnishings"
11,ME-17725,Art
11,MH-18025,Furnishings
11,MH-18115,Machines
11,ML-17410,"Chairs,Paper"
11,ML-17755,"Appliances,Paper"
11,MN-17935,"Furnishings,Paper,Phones,Storage"
11,MT-17815,Storage
11,MV-17485,"Binders,Storage"
11,MW-18235,Machines
11,MY-17380,"Binders,Envelopes"
11,MZ-17335,Furnishings
11,NB-18655,"Furnishings,Labels,Storage"
11,NC-18415,"Art,Binders,Chairs"
11,NC-18535,Binders
11,NG-18355,Phones
11,NG-18430,"Paper,Storage"
11,NL-18310,"Art,Binders,Envelopes,Fasteners,Furnishings,Storage"
11,NP-18670,"Appliances,Paper"
11,PB-19105,Accessories
11,PG-18820,"Art,Phones"
11,PG-18895,Paper
11,PJ-18835,"Art,Binders,Paper"
11,PK-19075,Appliances
11,PM-19135,"Accessories,Phones"
11,PN-18775,"Furnishings,Phones"
11,PR-18880,Paper
11,PW-19030,Storage
11,RA-19885,"Accessories,Phones"
11,RB-19435,Art
11,RB-19705,Binders
11,RB-19795,"Furnishings,Paper,Tables"
11,RD-19930,"Chairs,Envelopes"
11,RH-19495,Paper
11,RO-19780,"Appliances,Art,Chairs,Phones"
11,RP-19390,"Art,Binders"
11,RS-19765,"Binders,Phones"
11,SB-20290,"Accessories,Binders,Machines"
11,SC-20050,Furnishings
11,SC-20380,"Accessories,Tables"
11,SC-20440,"Paper,Phones"
11,SC-20770,"Art,Tables"
11,SC-20800,Fasteners
11,SE-20110,Accessories
11,SF-20065,Paper
11,SF-20200,"Binders,Tables"
11,SF-20965,"Accessories,Paper"
11,SP-20620,"Furnishings,Phones"
11,SR-20425,"Art,Chairs"
11,SV-20935,Accessories
11,SW-20275,"Furnishings,Storage"
11,SZ-20035,Storage
11,TB-21175,"Accessories,Chairs,Envelopes,Storage"
11,TB-21190,"Art,Furnishings"
11,TB-21625,"Binders,Chairs"
11,TC-21295,"Art,Binders"
11,TD-20995,"Binders,Furnishings,Labels"
11,TH-21115,"Appliances,Envelopes,Furnishings,Phones"
11,TS-21370,"Chairs,Paper"
11,TS-21505,"Accessories,Binders"
11,TS-21610,"Binders,Storage"
11,TT-21070,"Binders,Chairs,Furnishings,Labels,Storage"
11,TT-21460,"Chairs,Furnishings,Phones,Tables"
11,TZ-21580,Art
11,VB-21745,Paper
11,VM-21685,Storage
11,VP-21730,"Phones,Storage"
11,VW-21775,Storage
11,WB-21850,Fasteners
11,XP-21865,"Accessories,Art"
11,ZC-21910,"Art,Envelopes,Furnishings"
12,AA-10375,"Binders,Paper,Phones"
12,AB-10165,Binders
12,AC-10450,Supplies
12,AC-10615,Furnishings
12,AD-10180,"Chairs,Paper"
12,AG-10330,"Art,Binders,Paper,Phones,Tables"
12,AH-10030,Art
12,AH-10210,Storage
12,AH-10585,Paper
12,AI-10855,Chairs
12,AM-10360,"Appliances,Art,Binders,Paper"
12,AR-10510,Binders
12,AR-10540,Binders
12,AS-10090,Art
12,AS-10225,Appliances
12,AS-10285,Accessories
12,AT-10435,"Appliances,Art,Tables"
12,AT-10735,"Binders,Furnishings,Storage"
12,AW-10840,"Furnishings,Paper"
12,AY-10555,"Binders,Chairs,Furnishings"
12,BB-11545,"Art,Chairs,Phones"
12,BD-11635,Accessories
12,BF-11080,"Labels,Paper"
12,BF-11170,"Copiers,Fasteners,Storage,Supplies,Tables"
12,BG-11035,Art
12,BH-11710,"Accessories,Appliances"
12,BN-11470,Storage
12,BN-11515,Art
12,BP-11095,Bookcases
12,BP-11185,"Accessories,Art,Binders,Furnishings,Storage"
12,BP-11290,"Appliances,Binders,Fasteners,Paper"
12,BS-11380,"Binders,Bookcases,Chairs,Furnishings,Phones,Storage"
12,BS-11755,"Fasteners,Furnishings"
12,BT-11680,Furnishings
12,CA-12310,"Envelopes,Storage,Supplies"
12,CB-12415,Storage
12,CC-12220,"Appliances,Envelopes"
12,CC-12430,Appliances
12,CC-12550,"Binders,Paper"
12,CC-12670,"Accessories,Binders,Storage"
12,CM-12115,Accessories
12,CM-12160,Binders
12,CM-12190,"Storage,Tables"
12,CM-12655,Tables
12,CS-11950,"Furnishings,Labels"
12,CS-12250,Paper
12,CS-12355,"Chairs,Machines"
12,CS-12400,"Art,Binders"
12,CS-12460,"Binders,Labels,Phones"
12,CV-12805,Furnishings
12,DB-12910,"Binders,Bookcases"
12,DB-13060,"Accessories,Art,Furnishings"
12,DB-13210,"Accessories,Art,Binders,Paper,Phones,Supplies"
12,DB-13660,Furnishings
12,DC-13285,Furnishings
12,DJ-13630,"Appliances,Art,Chairs"
12,DK-12835,"Binders,Chairs,Paper"
12,DK-12985,"Art,Furnishings,Storage"
12,DK-13150,"Binders,Paper"
12,DK-13225,"Binders,Paper"
12,DK-13375,Appliances
12,DL-13315,"Furnishings,Paper,Storage"
12,DM-13345,"Binders,Paper,Storage"
12,DO-13645,"Chairs,Furnishings"
12,DP-13105,"Binders,Storage"
12,DR-12880,"Art,Phones"
12,DS-13180,"Fasteners,Paper"
12,DV-13045,"Art,Chairs,Phones,Tables"
12,DV-13465,"Appliances,Binders,Phones"
12,EB-13975,Binders
12,EG-13900,Chairs
12,EH-14005,"Envelopes,Phones,Storage"
12,EP-13915,"Art,Furnishings,Labels,Paper"
12,ES-14080,"Art,Phones"
12,FH-14365,"Binders,Storage"
12,FM-14215,Furnishings
12,FP-14320,Phones
12,GA-14725,"Art,Binders,Supplies"
12,GB-14575,Storage
12,GD-14590,Binders
12,GH-14665,"Art,Bookcases"
12,GM-14455,"Accessories,Furnishings,Phones"
12,GW-14605,Binders
12,GZ-14470,Art
12,HA-14920,Accessories
12,HE-14800,"Accessories,Furnishings"
12,HF-14995,"Binders,Paper"
12,HG-14965,Binders
12,HG-15025,"Binders,Chairs"
12,HM-14860,Furnishings
12,HR-14770,Binders
12,JB-15400,"Binders,Paper"
12,JB-16045,Furnishings
12,JE-16165,Furnishings
12,JF-15415,"Binders,Fasteners,Labels,Phones"
12,JG-15160,"Chairs,Phones"
12,JG-15310,"Bookcases,Chairs,Supplies"
12,JH-15430,"Furnishings,Machines"
12,JH-15985,"Binders,Fasteners,Phones,Storage"
12,JK-16090,Phones
12,JL-15130,"Accessories,Appliances,Art,Storage,Tables"
12,JL-15175,"Chairs,Furnishings"
12,JL-15835,"Accessories,Appliances,Binders,Copiers,Labels,Storage"
12,JM-15580,Fasteners
12,JM-15655,"Art,Labels,Phones,Storage"
12,JP-15520,"Accessories,Appliances,Bookcases,Envelopes,Labels,Paper"
12,JS-16030,"Appliances,Furnishings"
12,JW-15955,"Chairs,Storage"
12,KB-16240,Paper
12,KB-16600,"Binders,Furnishings,Paper,Storage"
12,KE-16420,Furnishings
12,KH-16360,"Art,Binders,Chairs"
12,KH-16510,"Accessories,Bookcases,Chairs,Copiers,Labels,Paper,Tables"
12,KH-16690,Storage
12,KL-16555,Accessories
12,KM-16225,"Accessories,Art,Binders,Labels"
12,KM-16660,"Appliances,Paper,Phones"
12,KM-16720,"Appliances,Phones,Supplies"
12,KN-16390,Phones
12,LC-16870,"Accessories,Art,Furnishings,Paper,Supplies"
12,LC-16885,Tables
12,LC-17140,"Appliances,Binders,Paper"
12,LE-16810,Phones
12,LF-17185,"Furnishings,Paper,Storage"
12,LH-16900,Paper
12,LO-17170,"Binders,Chairs,Furnishings"
12,LP-17095,Storage
12,LR-16915,Machines
12,LS-16975,Binders
12,LT-16765,Paper
12,LW-17215,Binders
12,MC-17575,"Appliances,Binders,Paper"
12,MC-17845,"Fasteners,Tables"
12,ME-17725,Chairs
12,MF-18250,"Envelopes,Paper,Phones,Storage"
12,MG-17650,Furnishings
12,MH-18115,"Fasteners,Paper,Phones"
12,MJ-17740,"Art,Phones"
12,MK-17905,Art
12,ML-17755,Furnishings
12,MM-17920,"Appliances,Binders,Paper"
12,MP-18175,"Binders,Envelopes,Furnishings"
12,MS-17980,"Accessories,Art,Chairs,Furnishings,Paper"
12,MV-17485,Furnishings
12,MV-18190,"Accessories,Binders"
12,MW-18220,Storage
12,MY-17380,Paper
12,NB-18655,Fasteners
12,NC-18535,"Binders,Paper"
12,ND-18370,Accessories
12,NP-18325,Paper
12,NS-18505,Storage
12,PB-18805,"Binders,Furnishings,Phones"
12,PC-18745,Binders
12,PK-19075,Binders
12,PL-18925,Furnishings
12,PO-18850,Paper
12,PO-18865,"Accessories,Binders,Bookcases,Phones"
12,QJ-19255,Accessories
12,RA-19285,"Bookcases,Furnishings,Storage"
12,RA-19915,"Accessories,Binders,Bookcases"
12,RB-19435,"Appliances,Binders"
12,RB-19465,"Furnishings,Paper,Storage"
12,RB-19570,"Accessories,Appliances,Paper"
12,RD-19720,Binders
12,RD-19810,Binders
12,RF-19840,Appliances
12,RM-19675,"Binders,Copiers"
12,RP-19855,Art
12,RR-19315,"Chairs,Furnishings,Paper"
12,RS-19870,"Binders,Envelopes"
12,SC-20305,"Binders,Chairs,Labels"
12,SE-20110,Storage
12,SG-20080,Appliances
12,SH-19975,"Binders,Furnishings,Storage"
12,SH-20395,Accessories
12,SJ-20215,"Chairs,Phones"
12,SK-19990,"Binders,Phones"
12,SM-20950,"Appliances,Furnishings"
12,SO-20335,"Bookcases,Paper"
12,SR-20425,Chairs
12,SS-20140,Art
12,SU-20665,"Accessories,Binders,Phones"
12,SV-20935,"Accessories,Binders,Fasteners,Paper,Storage,Tables"
12,TC-21295,Paper
12,TC-21535,"Binders,Paper"
12,TP-21130,"Accessories,Art,Chairs,Tables"
12,TS-21505,"Bookcases,Furnishings,Storage"
12,TT-21460,Art
12,VF-21715,Paper
12,VW-21775,"Paper,Storage"
12,WB-21850,"Binders,Furnishings"
12,YC-21895,Storage
12,YS-21880,Storage
